"Snapshot Name","Trial","Frame Size (bytes)","Load (fps)","Agg Intended Load (fps)","Agg Offered Load (fps)","Agg Forwarding Rate (fps)","Agg Offered L1 Load (bps)","Agg Forwarding L1 Rate (bps)","Frame Loss (%)","Tx Count (frames)","Rx Count (frames)","Frame Loss (frames)","Duplicate Count (frames)","Tx Queue Full Drop Frame Count (frames)","Tx Queue Full Retry Frame Count (frames)","Tx Queue Full Drop (%)","Stream Avg Latency (µs)","Avg Jitter (µs)","Expected Stream Count","Missing Stream Count","Flooded Stream Count","Flooded Count (frames)"
"Trial 1 Frame Size 64 Rate 100000.0 fps","1","64","100,000","200,000","200,328.8","199,982.96","134,621,054.4","134,388,841.77","0","4,006,576","4,006,604","0","0","0","0","0","-1.61","0.27","2","0","2","28"
"Trial 1 Frame Size 64 Rate 400000.0 fps","1","64","400,000","800,000","338,939.65","337,543.38","227,767,512","226,829,839.16","0.4","6,778,793","6,751,392","27,427","0","27,427","0","0.4","-1.74","0.41","2","0","2","26"
"Trial 1 Frame Size 64 Rate 700000.0 fps","1","64","700,000","1,400,000","339,085.75","338,948.72","227,865,691.2","227,774,255.06","0.01","6,781,715","6,781,236","508","0","0","0","0","-1.28","0.41","2","0","2","29"
"Trial 1 Frame Size 64 Rate 1000000.0 fps","1","64","1,000,000","2,000,000","338,654.85","338,195.05","227,576,126.4","227,267,806.36","0","6,773,097","6,772,790","325","0","0","0","0","-0.59","0.41","2","0","2","18"
"Trial 1 Frame Size 64 Rate 1300000.0 fps","1","64","1,300,000","2,600,000","338,878.55","338,211.09","227,726,452.8","227,278,616.89","0","6,777,571","6,777,592","0","0","0","0","0","-1.32","0.41","2","0","2","21"
"Trial 1 Frame Size 64 Rate 1600000.0 fps","1","64","1,600,000","3,200,000","337,015.2","337,679.88","226,474,281.6","226,921,663.08","0","6,740,304","6,740,333","0","0","0","0","0","-0.98","0.41","2","0","2","29"
"Trial 1 Frame Size 64 Rate 1900000.0 fps","1","64","1,900,000","3,800,000","339,564.95","338,168.82","228,187,713.6","227,250,223.31","0","6,791,299","6,791,322","0","0","0","0","0","-0.54","0.41","2","0","2","23"
"Trial 1 Frame Size 64 Rate 2200000.0 fps","1","64","2,200,000","4,400,000","338,116.55","338,237.06","227,214,388.8","227,296,038.06","0.01","6,762,331","6,761,436","913","0","0","0","0","-1.58","0.41","2","0","2","18"
"Trial 1 Frame Size 64 Rate 2500000.0 fps","1","64","2,500,000","5,000,000","338,945.75","338,748.52","227,771,611.2","227,639,307.35","0.05","6,778,915","6,775,696","3,239","0","3,239","0","0.05","-2.82","0.41","2","0","2","20"
"Trial 1 Frame Size 64 Rate 2800000.0 fps","1","64","2,800,000","5,600,000","338,310.45","338,824.3","227,344,689.6","227,690,724.96","0","6,766,209","6,766,233","0","0","0","0","0","-0.31","0.41","2","0","2","24"
"Trial 1 Frame Size 64 Rate 3100000.0 fps","1","64","3,100,000","6,200,000","337,823.65","338,377.52","227,017,526.4","227,390,315.53","0.11","6,756,473","6,748,863","7,639","0","7,471","0","0.11","-0.43","0.41","2","0","2","29"
"Trial 1 Frame Size 64 Rate 3400000.0 fps","1","64","3,400,000","6,800,000","339,191.15","338,364.54","227,936,520","227,381,707.57","0.01","6,783,823","6,783,377","464","0","0","0","0","-0.87","0.41","2","0","2","18"
"Trial 1 Frame Size 64 Rate 3700000.0 fps","1","64","3,700,000","7,400,000","339,187","338,549.68","227,933,731.2","227,506,120.78","0.17","6,783,740","6,772,462","11,296","0","11,296","0","0.17","-2.17","0.41","2","0","2","18"
"Trial 1 Frame Size 64 Rate 4000000.0 fps","1","64","4,000,000","8,000,000","338,791.25","337,854.94","227,667,787.2","227,039,350.69","0.27","6,775,825","6,757,650","18,202","0","18,180","0","0.27","-0.46","0.41","2","0","2","27"
"Trial 1 Frame Size 64 Rate 4300000.0 fps","1","64","4,300,000","8,600,000","337,558.55","337,926.51","226,839,412.8","227,086,838.08","0.14","6,751,171","6,741,656","9,535","0","9,077","0","0.13","-1.97","0.41","2","0","2","20"
"Trial 1 Frame Size 64 Rate 4600000.0 fps","1","64","4,600,000","9,200,000","337,717.45","338,206.93","226,946,193.6","227,275,885.02","0.01","6,754,349","6,753,925","451","0","0","0","0","-0.83","0.41","2","0","2","27"
"Trial 1 Frame Size 64 Rate 4900000.0 fps","1","64","4,900,000","9,800,000","338,095.15","338,165.7","227,200,008","227,248,114.09","0.01","6,761,903","6,761,491","433","0","0","0","0","-0.43","0.41","2","0","2","21"
"Trial 1 Frame Size 64 Rate 5200000.0 fps","1","64","5,200,000","10,400,000","340,210.3","339,042.51","228,621,388.8","227,837,291.93","0","6,804,206","6,803,950","273","0","0","0","0","-1.82","0.41","2","0","2","17"
"Trial 1 Frame Size 64 Rate 5500000.0 fps","1","64","5,500,000","11,000,000","338,092.2","338,729.5","227,198,025.6","227,627,019.06","0.01","6,761,844","6,761,448","420","0","0","0","0","-1.14","0.41","2","0","2","24"
"Trial 1 Frame Size 64 Rate 5800000.0 fps","1","64","5,800,000","11,600,000","338,724.35","338,790.56","227,622,830.4","227,667,545.67","0.01","6,774,487","6,773,632","881","0","0","0","0","-0.74","0.41","2","0","2","26"
"Trial 1 Frame Size 64 Rate 6100000.0 fps","1","64","6,100,000","12,200,000","338,281.1","338,233.9","227,324,966.4","227,293,948.61","0","6,765,622","6,765,643","0","0","0","0","0","-0.15","0.41","2","0","2","21"
"Trial 1 Frame Size 64 Rate 6400000.0 fps","1","64","6,400,000","12,800,000","338,327.65","338,116.97","227,356,248","227,215,373.72","0.02","6,766,553","6,765,507","1,067","0","0","0","0","-1.51","0.41","2","0","2","21"
"Trial 1 Frame Size 64 Rate 6700000.0 fps","1","64","6,700,000","13,400,000","339,113.1","338,181.58","227,884,070.4","227,258,820","0","6,782,262","6,782,235","51","0","51","0","0","-1.06","0.41","2","0","2","24"
"Trial 1 Frame Size 64 Rate 7000000.0 fps","1","64","7,000,000","14,000,000","338,231.55","338,905.44","227,291,668.8","227,745,245.73","0.01","6,764,631","6,764,093","558","0","0","0","0","-0.7","0.41","2","0","2","20"
"Trial 1 Frame Size 64 Rate 7300000.0 fps","1","64","7,300,000","14,600,000","339,205.95","338,151.57","227,946,465.6","227,238,636.83","0.09","6,784,119","6,778,312","5,826","0","0","0","0","-0.52","0.41","2","0","2","19"
"Trial 1 Frame Size 64 Rate 7600000.0 fps","1","64","7,600,000","15,200,000","338,798.2","337,995.04","227,672,457.6","227,133,477.12","0.18","6,775,964","6,763,778","12,212","0","12,212","0","0.18","-1.37","0.41","2","0","2","26"
"Trial 1 Frame Size 64 Rate 7900000.0 fps","1","64","7,900,000","15,800,000","337,921.7","337,955.18","227,083,449.6","227,106,706.44","0","6,758,434","6,758,461","0","0","0","0","0","-2.46","0.41","2","0","2","27"
"Trial 1 Frame Size 64 Rate 8200000.0 fps","1","64","8,200,000","16,400,000","337,622.35","338,446.37","226,882,286.4","227,436,728.52","0.02","6,752,447","6,751,233","1,235","0","773","0","0.01","-0.65","0.41","2","0","2","21"
"Trial 1 Frame Size 64 Rate 8500000.0 fps","1","64","8,500,000","17,000,000","339,292.7","337,957.13","228,004,761.6","227,107,923.9","0.27","6,785,854","6,767,832","18,040","0","17,188","0","0.25","-1.47","0.41","2","0","2","18"
"Trial 1 Frame Size 64 Rate 8800000.0 fps","1","64","8,800,000","17,600,000","339,511.9","338,934.55","228,152,064","227,764,849.08","0","6,790,238","6,790,027","238","0","0","0","0","-2.23","0.41","2","0","2","27"
"Trial 1 Frame Size 64 Rate 9100000.0 fps","1","64","9,100,000","18,200,000","338,201.1","338,023.86","227,271,206.4","227,152,877.27","0.02","6,764,022","6,762,666","1,385","0","1,385","0","0.02","-1.37","0.41","2","0","2","29"
"Trial 1 Frame Size 64 Rate 9400000.0 fps","1","64","9,400,000","18,800,000","338,044.35","338,470.69","227,165,870.4","227,452,556","0","6,760,887","6,760,911","0","0","0","0","0","-2.58","0.41","2","0","2","24"
"Trial 1 Frame Size 64 Rate 9700000.0 fps","1","64","9,700,000","19,400,000","339,412.65","338,822.54","228,085,334.4","227,689,554.01","0.03","6,788,253","6,786,579","1,700","0","962","0","0.01","-0.29","0.41","2","0","2","26"
"Trial 1 Frame Size 64 Rate 10000000.0 fps","1","64","10,000,000","20,000,000","339,296.3","338,586.68","228,007,180.8","227,531,047.21","0.41","6,785,926","6,758,220","27,730","0","26,935","0","0.4","-2.07","0.41","2","0","2","24"
"Trial 1 Frame Size 64 Rate 10300000.0 fps","1","64","10,300,000","20,600,000","337,981.7","337,944.85","227,123,736","227,099,704.13","0","6,759,634","6,759,655","0","0","0","0","0","-1.22","0.41","2","0","2","21"
"Trial 1 Frame Size 64 Rate 10600000.0 fps","1","64","10,600,000","21,200,000","339,305.1","338,587.03","228,013,094.4","227,531,219.33","0","6,786,102","6,785,944","176","0","0","0","0","-2.63","0.41","2","0","2","18"
"Trial 1 Frame Size 64 Rate 10900000.0 fps","1","64","10,900,000","21,800,000","339,501.4","338,794.72","228,144,974.4","227,670,849.88","0","6,790,028","6,790,052","0","0","0","0","0","-0.83","0.41","2","0","2","24"
"Trial 1 Frame Size 64 Rate 11200000.0 fps","1","64","11,200,000","22,400,000","338,712.45","338,567.29","227,614,833.6","227,517,981.18","0","6,774,249","6,774,269","0","0","0","0","0","-3.23","0.41","2","0","2","20"
"Trial 1 Frame Size 64 Rate 11500000.0 fps","1","64","11,500,000","23,000,000","338,870.1","338,150.92","227,720,774.4","227,237,784.79","0.27","6,777,402","6,759,330","18,098","0","17,239","0","0.25","-0.35","0.41","2","0","2","26"
"Trial 1 Frame Size 64 Rate 11800000.0 fps","1","64","11,800,000","23,600,000","339,057.05","338,673.32","227,846,371.2","227,589,286.24","0.26","6,781,141","6,763,676","17,488","0","17,488","0","0.26","-0.89","0.41","2","0","2","23"
"Trial 1 Frame Size 64 Rate 12100000.0 fps","1","64","12,100,000","24,200,000","338,930.4","337,958.02","227,761,296","227,108,527.64","0.16","6,778,608","6,767,859","10,767","0","10,760","0","0.16","-0.9","0.41","2","0","2","18"
"Trial 1 Frame Size 64 Rate 12400000.0 fps","1","64","12,400,000","24,800,000","338,364.35","337,954.48","227,380,910.4","227,105,721.66","0","6,767,287","6,767,312","0","0","0","0","0","-2.67","0.41","2","0","2","25"
"Trial 1 Frame Size 64 Rate 12700000.0 fps","1","64","12,700,000","25,400,000","338,553.45","338,328.67","227,507,985.6","227,357,601.85","0","6,771,069","6,771,087","0","0","0","0","0","-0.94","0.41","2","0","2","18"
"Trial 1 Frame Size 64 Rate 13000000.0 fps","1","64","13,000,000","26,000,000","337,973.6","337,937.56","227,118,326.4","227,094,870.81","0","6,759,472","6,759,374","125","0","0","0","0","-0.65","0.41","2","0","2","27"
"Trial 1 Frame Size 64 Rate 13300000.0 fps","1","64","13,300,000","26,600,000","337,764.8","337,715.93","226,978,012.8","226,945,914.13","0.24","6,755,296","6,739,069","16,250","0","15,770","0","0.23","-0.74","0.41","2","0","2","23"
"Trial 1 Frame Size 64 Rate 13600000.0 fps","1","64","13,600,000","27,200,000","337,246.2","337,986.77","226,629,513.6","227,127,390.9","0","6,744,924","6,744,951","0","0","0","0","0","-0.74","0.41","2","0","2","27"
"Trial 1 Frame Size 64 Rate 13900000.0 fps","1","64","13,900,000","27,800,000","339,247.45","338,621.54","227,974,353.6","227,554,409.23","0.01","6,784,949","6,784,382","585","0","0","0","0","-0.99","0.41","2","0","2","18"
"Trial 1 Frame Size 64 Rate 14200000.0 fps","1","64","14,200,000","28,400,000","337,628.5","337,434.56","226,886,419.2","226,756,758.52","0.01","6,752,570","6,752,115","473","0","0","0","0","-0.8","0.41","2","0","2","18"
"Trial 1 Frame Size 64 Rate 14500000.0 fps","1","64","14,500,000","29,000,000","339,921.4","338,623.04","228,427,248","227,555,468.96","0.25","6,798,428","6,781,696","16,752","0","16,644","0","0.24","-1.84","0.41","2","0","2","20"
"Trial 1 Frame Size 64 Rate 14800000.0 fps","1","64","14,800,000","29,600,000","337,772.5","338,326.52","226,983,187.2","227,356,191.02","0","6,755,450","6,755,466","10","0","0","0","0","-1","0.41","2","0","2","26"
"Trial 1 Frame Size 64 Rate 14880952.0 fps","1","64","14,880,952","29,761,904","338,394.55","337,700.56","227,401,204.8","226,935,542.43","0.26","6,767,891","6,750,478","17,434","0","17,434","0","0.26","-1.11","0.41","2","0","2","21"
"Trial 1 Frame Size 128 Rate 100000.0 fps","1","128","100,000","200,000","200,024.45","199,985.06","236,829,016","236,783,107.5","0","4,000,489","4,000,513","0","0","0","0","0","0.05","0.27","2","0","2","24"
"Trial 1 Frame Size 128 Rate 400000.0 fps","1","128","400,000","800,000","339,499.55","339,118.17","401,967,500.8","401,516,716.6","0.01","6,789,991","6,789,485","530","0","0","0","0","-0.8","0.41","2","0","2","24"
"Trial 1 Frame Size 128 Rate 700000.0 fps","1","128","700,000","1,400,000","338,830.55","338,940.59","401,175,438.4","401,306,409.03","0.05","6,776,611","6,773,186","3,445","0","3,008","0","0.04","-0.51","0.41","2","0","2","20"
"Trial 1 Frame Size 128 Rate 1000000.0 fps","1","128","1,000,000","2,000,000","340,135.3","339,758.09","402,720,228.8","402,274,404.48","0.01","6,802,706","6,802,326","409","0","0","0","0","-4.03","0.41","2","0","2","29"
"Trial 1 Frame Size 128 Rate 1300000.0 fps","1","128","1,300,000","2,600,000","339,515.2","339,787.95","401,986,064","402,309,696.17","0","6,790,304","6,790,325","0","0","0","0","0","-1.67","0.41","2","0","2","21"
"Trial 1 Frame Size 128 Rate 1600000.0 fps","1","128","1,600,000","3,200,000","339,966.3","339,592.35","402,520,132.8","402,078,167.04","0.01","6,799,326","6,798,895","458","0","0","0","0","-0.06","0.41","2","0","2","27"
"Trial 1 Frame Size 128 Rate 1900000.0 fps","1","128","1,900,000","3,800,000","339,503.55","340,168.96","401,972,270.4","402,760,709.65","0","6,790,071","6,789,915","179","0","0","0","0","-0.95","0.41","2","0","2","23"
"Trial 1 Frame Size 128 Rate 2200000.0 fps","1","128","2,200,000","4,400,000","338,801.25","339,254.42","401,140,713.6","401,677,998.9","0","6,776,025","6,776,046","0","0","0","0","0","-1.01","0.41","2","0","2","21"
"Trial 1 Frame Size 128 Rate 2500000.0 fps","1","128","2,500,000","5,000,000","340,192.1","339,617.06","402,787,513.6","402,107,462.16","0","6,803,842","6,803,871","0","0","0","0","0","0.07","0.41","2","0","2","29"
"Trial 1 Frame Size 128 Rate 2800000.0 fps","1","128","2,800,000","5,600,000","340,523.4","340,194.18","403,179,772.8","402,790,711.87","0","6,810,468","6,810,299","193","0","0","0","0","-1.02","0.41","2","0","2","24"
"Trial 1 Frame Size 128 Rate 3100000.0 fps","1","128","3,100,000","6,200,000","339,508.95","340,101.36","401,978,664","402,680,836.11","0","6,790,179","6,790,187","19","0","0","0","0","-1.67","0.41","2","0","2","27"
"Trial 1 Frame Size 128 Rate 3400000.0 fps","1","128","3,400,000","6,800,000","339,044.9","339,487.88","401,429,228.8","401,953,903.7","0","6,780,898","6,780,917","0","0","0","0","0","-2.18","0.41","2","0","2","19"
"Trial 1 Frame Size 128 Rate 3700000.0 fps","1","128","3,700,000","7,400,000","339,765.45","339,798.36","402,282,360","402,322,082.62","0","6,795,309","6,795,336","0","0","0","0","0","-1.56","0.41","2","0","2","27"
"Trial 1 Frame Size 128 Rate 4000000.0 fps","1","128","4,000,000","8,000,000","339,203.3","338,515.47","401,616,774.4","400,803,056.21","0.25","6,784,066","6,766,916","17,168","0","17,168","0","0.25","-1.39","0.41","2","0","2","18"
"Trial 1 Frame Size 128 Rate 4300000.0 fps","1","128","4,300,000","8,600,000","340,602.7","339,643.28","403,273,664","402,138,394.6","0","6,812,054","6,812,076","0","0","0","0","0","-1.3","0.41","2","0","2","22"
"Trial 1 Frame Size 128 Rate 4600000.0 fps","1","128","4,600,000","9,200,000","340,023.9","339,683.69","402,588,364.8","402,186,221.98","0","6,800,478","6,800,360","136","0","0","0","0","-0.69","0.41","2","0","2","18"
"Trial 1 Frame Size 128 Rate 4900000.0 fps","1","128","4,900,000","9,800,000","339,112.65","339,273.34","401,509,444.8","401,700,375.37","0.01","6,782,253","6,781,637","634","0","0","0","0","-0.92","0.41","2","0","2","18"
"Trial 1 Frame Size 128 Rate 5200000.0 fps","1","128","5,200,000","10,400,000","338,785.45","339,328.22","401,122,040","401,765,410.03","0.01","6,775,709","6,775,259","474","0","0","0","0","-0.35","0.41","2","0","2","24"
"Trial 1 Frame Size 128 Rate 5500000.0 fps","1","128","5,500,000","11,000,000","339,377.05","339,015.65","401,822,528","401,395,356.97","0.07","6,787,541","6,783,021","4,547","0","3,302","0","0.05","-1.17","0.41","2","0","2","27"
"Trial 1 Frame Size 128 Rate 5800000.0 fps","1","128","5,800,000","11,600,000","340,257.4","339,387.21","402,864,828.8","401,835,153.43","0.04","6,805,148","6,802,327","2,840","0","2,013","0","0.03","-1.71","0.41","2","0","2","19"
"Trial 1 Frame Size 128 Rate 6100000.0 fps","1","128","6,100,000","12,200,000","340,345.4","339,753.69","402,969,020.8","402,269,193.82","0.24","6,806,908","6,790,508","16,427","0","16,427","0","0.24","-0.85","0.41","2","0","2","27"
"Trial 1 Frame Size 128 Rate 6400000.0 fps","1","128","6,400,000","12,800,000","339,983.5","340,094.42","402,540,531.2","402,672,626.9","0.01","6,799,670","6,799,234","463","0","0","0","0","-1.8","0.41","2","0","2","27"
"Trial 1 Frame Size 128 Rate 6700000.0 fps","1","128","6,700,000","13,400,000","340,236.95","340,581.79","402,840,616","403,249,573.27","0","6,804,739","6,804,524","233","0","0","0","0","-1.27","0.41","2","0","2","18"
"Trial 1 Frame Size 128 Rate 7000000.0 fps","1","128","7,000,000","14,000,000","340,901.05","339,688.41","403,626,910.4","402,191,877.74","0.25","6,818,021","6,801,234","16,811","0","16,692","0","0.24","-1.72","0.41","2","0","2","24"
"Trial 1 Frame Size 128 Rate 7300000.0 fps","1","128","7,300,000","14,600,000","338,731.25","339,355.53","401,057,867.2","401,797,207.77","0","6,774,625","6,774,650","0","0","0","0","0","-0.77","0.41","2","0","2","25"
"Trial 1 Frame Size 128 Rate 7600000.0 fps","1","128","7,600,000","15,200,000","339,830.3","338,906.06","402,359,142.4","401,265,502.76","0","6,796,606","6,796,623","0","0","0","0","0","-0.32","0.41","2","0","2","17"
"Trial 1 Frame Size 128 Rate 7900000.0 fps","1","128","7,900,000","15,800,000","339,864.15","339,760.99","402,399,220.8","402,277,415.47","0.01","6,797,283","6,796,963","349","0","0","0","0","-0.47","0.41","2","0","2","29"
"Trial 1 Frame Size 128 Rate 8200000.0 fps","1","128","8,200,000","16,400,000","339,638.15","340,021.09","402,131,636.8","402,585,693.42","0","6,792,763","6,792,792","0","0","0","0","0","-1.44","0.41","2","0","2","29"
"Trial 1 Frame Size 128 Rate 8445945.0 fps","1","128","8,445,945","16,891,890","340,222.4","340,434.68","402,823,355.2","403,075,489.21","0","6,804,448","6,804,475","0","0","0","0","0","-0.34","0.41","2","0","2","27"
"Trial 1 Frame Size 256 Rate 100000.0 fps","1","256","100,000","200,000","199,674.55","199,978.58","440,881,828.8","441,553,241.81","0","3,993,491","3,993,407","104","0","0","0","0","-1.58","0.27","2","0","2","20"
"Trial 1 Frame Size 256 Rate 400000.0 fps","1","256","400,000","800,000","336,830.55","336,459.14","743,721,921.6","742,902,603.85","0.2","6,736,611","6,723,203","13,434","0","12,853","0","0.19","-1.05","0.42","2","0","2","26"
"Trial 1 Frame Size 256 Rate 700000.0 fps","1","256","700,000","1,400,000","335,991.25","336,302.46","741,868,747.2","742,556,650","0","6,719,825","6,719,848","0","0","0","0","0","-2.21","0.42","2","0","2","23"
"Trial 1 Frame Size 256 Rate 1000000.0 fps","1","256","1,000,000","2,000,000","335,841.3","335,666.47","741,537,657.6","741,152,333.09","0","6,716,826","6,716,737","110","0","0","0","0","-1.92","0.42","2","0","2","21"
"Trial 1 Frame Size 256 Rate 1300000.0 fps","1","256","1,300,000","2,600,000","336,062.5","335,803.39","742,026,033.6","741,454,626.46","0.02","6,721,250","6,720,212","1,056","0","0","0","0","-0.34","0.42","2","0","2","18"
"Trial 1 Frame Size 256 Rate 1600000.0 fps","1","256","1,600,000","3,200,000","334,701.8","334,739.75","739,021,641.6","739,106,112","0.27","6,694,036","6,675,921","18,133","0","17,146","0","0.26","-2.41","0.42","2","0","2","18"
"Trial 1 Frame Size 256 Rate 1900000.0 fps","1","256","1,900,000","3,800,000","334,832.25","333,875.87","739,309,675.2","737,198,750.45","0","6,696,645","6,696,433","239","0","0","0","0","-0.85","0.42","2","0","2","27"
"Trial 1 Frame Size 256 Rate 2200000.0 fps","1","256","2,200,000","4,400,000","333,002.1","333,019.85","735,268,704","735,308,266.6","0.03","6,660,042","6,657,992","2,073","0","1,859","0","0.03","-1.37","0.42","2","0","2","23"
"Trial 1 Frame Size 256 Rate 2500000.0 fps","1","256","2,500,000","5,000,000","335,404.35","334,458.01","740,572,872","738,484,030.5","0.17","6,708,087","6,697,020","11,085","0","10,509","0","0.16","0","0.42","2","0","2","18"
"Trial 1 Frame Size 256 Rate 2800000.0 fps","1","256","2,800,000","5,600,000","333,594.6","332,305.66","736,576,944","733,731,622.84","0.26","6,671,892","6,654,856","17,054","0","16,327","0","0.24","-2.34","0.42","2","0","2","18"
"Trial 1 Frame Size 256 Rate 3100000.0 fps","1","256","3,100,000","6,200,000","333,220.05","333,127.53","735,749,937.6","735,546,386.96","0.02","6,664,401","6,663,083","1,342","0","0","0","0","-0.86","0.42","2","0","2","24"
"Trial 1 Frame Size 256 Rate 3400000.0 fps","1","256","3,400,000","6,800,000","336,047.35","335,477.37","741,992,616","740,734,893.34","0.01","6,720,947","6,720,006","967","0","0","0","0","-0.85","0.42","2","0","2","26"
"Trial 1 Frame Size 256 Rate 3700000.0 fps","1","256","3,700,000","7,400,000","335,428.3","335,525.08","740,625,753.6","740,840,170.58","0","6,708,566","6,708,589","0","0","0","0","0","-2.21","0.42","2","0","2","23"
"Trial 1 Frame Size 256 Rate 4000000.0 fps","1","256","4,000,000","8,000,000","337,015.7","335,955.03","744,130,732.8","741,789,462.92","0.02","6,740,314","6,739,269","1,066","0","0","0","0","-0.47","0.42","2","0","2","21"
"Trial 1 Frame Size 256 Rate 4300000.0 fps","1","256","4,300,000","8,600,000","335,779.6","335,723.88","741,401,424","741,279,057.08","0.02","6,715,592","6,714,397","1,213","0","0","0","0","-2.59","0.42","2","0","2","18"
"Trial 1 Frame Size 256 Rate 4528985.0 fps","1","256","4,528,985","9,057,970","335,960.15","336,449.26","741,800,078.4","742,880,761.06","0.01","6,719,203","6,718,471","758","0","0","0","0","-0.81","0.42","2","0","2","26"
"Trial 1 Frame Size ssu-64-4096bytes (copy) Rate 100000.0 fps","1","ssu-64-4096bytes (copy)","100,000","200,000","199,791.35","133,331.79","2,822,353,687.2","621,010,621.69","33.32","3,995,827","2,664,246","1,331,591","0","1,331,573","0","33.32","1.8","0.35","2","0","2","10"
"Trial 1 Frame Size ssu-64-4096bytes (copy) Rate 400000.0 fps","1","ssu-64-4096bytes (copy)","400,000","800,000","455,014.9","303,537.42","6,428,231,361.6","1,413,550,371.89","33.41","9,100,298","6,059,757","3,040,550","0","3,039,838","0","33.4","0.52","0.22","2","0","2","9"
"Trial 1 Frame Size ssu-64-4096bytes (copy) Rate 700000.0 fps","1","ssu-64-4096bytes (copy)","700,000","1,400,000","456,848.35","304,054.69","6,454,210,989.6","1,415,923,540.62","33.33","9,136,967","6,091,507","3,045,471","0","3,045,381","0","33.33","-0.72","0.22","2","0","2","11"
"Trial 1 Frame Size ssu-64-4096bytes (copy) Rate 706705.0 fps","1","ssu-64-4096bytes (copy)","706,705","1,413,410","456,541.5","303,725.67","6,449,697,662.4","1,414,077,562.59","33.35","9,130,830","6,085,770","3,045,074","0","3,044,246","0","33.34","-2.41","0.22","2","0","2","14"
"Trial 2 Frame Size 64 Rate 100000.0 fps","2","64","100,000","200,000","200,044.45","199,984.7","134,429,904","134,390,455.45","0","4,000,889","4,000,907","0","0","0","0","0","-0.67","0.26","2","0","2","18"
"Trial 2 Frame Size 64 Rate 400000.0 fps","2","64","400,000","800,000","338,155.45","338,618.07","227,240,529.6","227,552,194.86","0.01","6,763,109","6,762,738","400","0","0","0","0","0.44","0.41","2","0","2","29"
"Trial 2 Frame Size 64 Rate 700000.0 fps","2","64","700,000","1,400,000","339,180.05","338,729.48","227,929,027.2","227,626,937.06","0.01","6,783,601","6,783,180","438","0","0","0","0","-0.74","0.41","2","0","2","17"
"Trial 2 Frame Size 64 Rate 1000000.0 fps","2","64","1,000,000","2,000,000","337,689.55","338,263.47","226,927,444.8","227,313,815.67","0.04","6,753,791","6,751,279","2,533","0","2,078","0","0.03","-2.24","0.41","2","0","2","21"
"Trial 2 Frame Size 64 Rate 1300000.0 fps","2","64","1,300,000","2,600,000","337,938.75","338,207.33","227,094,873.6","227,276,125.49","0","6,758,775","6,758,768","31","0","0","0","0","-0.42","0.41","2","0","2","24"
"Trial 2 Frame Size 64 Rate 1600000.0 fps","2","64","1,600,000","3,200,000","337,060.1","337,495.75","226,504,454.4","226,797,939.93","0","6,741,202","6,741,222","0","0","0","0","0","-1.26","0.41","2","0","2","20"
"Trial 2 Frame Size 64 Rate 1900000.0 fps","2","64","1,900,000","3,800,000","338,740.75","337,583.95","227,633,784","226,857,150.2","0.26","6,774,815","6,757,288","17,545","0","17,091","0","0.25","-1.56","0.41","2","0","2","18"
"Trial 2 Frame Size 64 Rate 2200000.0 fps","2","64","2,200,000","4,400,000","338,809.35","338,088.85","227,679,950.4","227,196,502.15","0.09","6,776,187","6,769,856","6,355","0","6,052","0","0.09","-0.83","0.41","2","0","2","24"
"Trial 2 Frame Size 64 Rate 2500000.0 fps","2","64","2,500,000","5,000,000","339,218.4","338,728.02","227,954,832","227,625,969.33","0","6,784,368","6,784,388","0","0","0","0","0","-1.69","0.41","2","0","2","20"
"Trial 2 Frame Size 64 Rate 2800000.0 fps","2","64","2,800,000","5,600,000","337,654.9","338,222.49","226,904,160","227,286,309.22","0","6,753,098","6,753,090","32","0","0","0","0","-0.45","0.41","2","0","2","24"
"Trial 2 Frame Size 64 Rate 3100000.0 fps","2","64","3,100,000","6,200,000","338,456.1","338,165.45","227,442,566.4","227,247,403.78","0","6,769,122","6,769,142","0","0","0","0","0","-0.93","0.41","2","0","2","20"
"Trial 2 Frame Size 64 Rate 3400000.0 fps","2","64","3,400,000","6,800,000","339,112.95","338,649.24","227,883,969.6","227,573,048.16","0","6,782,259","6,782,279","0","0","0","0","0","-1.24","0.41","2","0","2","20"
"Trial 2 Frame Size 64 Rate 3700000.0 fps","2","64","3,700,000","7,400,000","338,597.85","338,193.15","227,537,822.4","227,266,560.75","0.25","6,771,957","6,754,833","17,145","0","17,145","0","0.25","-2.73","0.41","2","0","2","21"
"Trial 2 Frame Size 64 Rate 4000000.0 fps","2","64","4,000,000","8,000,000","338,271.25","338,340.2","227,318,347.2","227,365,411.05","0.01","6,765,425","6,764,811","638","0","638","0","0.01","-0.01","0.41","2","0","2","24"
"Trial 2 Frame Size 64 Rate 4300000.0 fps","2","64","4,300,000","8,600,000","337,717.5","338,570.92","226,946,227.2","227,520,393.63","0","6,754,350","6,754,368","0","0","0","0","0","-0.91","0.41","2","0","2","18"
"Trial 2 Frame Size 64 Rate 4600000.0 fps","2","64","4,600,000","9,200,000","338,974.05","338,423.02","227,790,628.8","227,420,671.92","0","6,779,481","6,779,166","334","0","0","0","0","-1.1","0.41","2","0","2","19"
"Trial 2 Frame Size 64 Rate 4900000.0 fps","2","64","4,900,000","9,800,000","337,819.4","337,799.98","227,014,670.4","227,002,416.01","0.01","6,756,388","6,756,023","392","0","0","0","0","-1.89","0.41","2","0","2","27"
"Trial 2 Frame Size 64 Rate 5200000.0 fps","2","64","5,200,000","10,400,000","337,866.65","338,118.25","227,046,456","227,216,259.27","0","6,757,333","6,757,176","181","0","0","0","0","-0.64","0.41","2","0","2","24"
"Trial 2 Frame Size 64 Rate 5500000.0 fps","2","64","5,500,000","11,000,000","339,415.45","338,335.45","228,087,216","227,362,221.96","0.19","6,788,309","6,775,134","13,203","0","13,203","0","0.19","-0.82","0.41","2","0","2","28"
"Trial 2 Frame Size 64 Rate 5800000.0 fps","2","64","5,800,000","11,600,000","338,649.05","338,205.94","227,572,228.8","227,275,218.78","0.12","6,772,981","6,764,920","8,088","0","7,279","0","0.11","-0.95","0.41","2","0","2","27"
"Trial 2 Frame Size 64 Rate 6100000.0 fps","2","64","6,100,000","12,200,000","340,065.9","338,829.48","228,524,352","227,694,154.05","0.29","6,801,318","6,781,955","19,385","0","19,385","0","0.29","-0.4","0.41","2","0","2","22"
"Trial 2 Frame Size 64 Rate 6400000.0 fps","2","64","6,400,000","12,800,000","339,982.75","338,538.23","228,468,475.2","227,498,493.16","0.11","6,799,655","6,792,448","7,230","0","7,230","0","0.11","-0.54","0.41","2","0","2","23"
"Trial 2 Frame Size 64 Rate 6700000.0 fps","2","64","6,700,000","13,400,000","337,749.45","337,478.36","226,967,664","226,786,191.49","0.29","6,754,989","6,735,459","19,548","0","18,694","0","0.28","-1.05","0.41","2","0","2","18"
"Trial 2 Frame Size 64 Rate 7000000.0 fps","2","64","7,000,000","14,000,000","337,190.15","337,724.14","226,591,814.4","226,951,416.8","0.05","6,743,803","6,740,606","3,221","0","3,221","0","0.05","-0.8","0.41","2","0","2","24"
"Trial 2 Frame Size 64 Rate 7300000.0 fps","2","64","7,300,000","14,600,000","337,896.95","338,164.99","227,066,817.6","227,247,520.93","0","6,757,939","6,757,632","330","0","0","0","0","-0.43","0.41","2","0","2","23"
"Trial 2 Frame Size 64 Rate 7600000.0 fps","2","64","7,600,000","15,200,000","338,178.95","338,077.1","227,256,254.4","227,188,606.87","0","6,763,579","6,763,603","0","0","0","0","0","-0.55","0.41","2","0","2","24"
"Trial 2 Frame Size 64 Rate 7900000.0 fps","2","64","7,900,000","15,800,000","338,942.5","338,331.7","227,769,427.2","227,359,698.93","0.27","6,778,850","6,760,717","18,162","0","17,360","0","0.26","-1.24","0.41","2","0","2","29"
"Trial 2 Frame Size 64 Rate 8200000.0 fps","2","64","8,200,000","16,400,000","338,652.5","338,264.02","227,574,513.6","227,314,001.97","0","6,773,050","6,773,076","0","0","0","0","0","-0.2","0.41","2","0","2","26"
"Trial 2 Frame Size 64 Rate 8500000.0 fps","2","64","8,500,000","17,000,000","338,789","338,318.92","227,666,275.2","227,351,049.41","0.13","6,775,780","6,767,251","8,547","0","8,547","0","0.13","-1.98","0.41","2","0","2","18"
"Trial 2 Frame Size 64 Rate 8800000.0 fps","2","64","8,800,000","17,600,000","338,723.45","338,258.35","227,622,192","227,310,376.35","0","6,774,469","6,774,490","0","0","0","0","0","-1.53","0.41","2","0","2","21"
"Trial 2 Frame Size 64 Rate 9100000.0 fps","2","64","9,100,000","18,200,000","338,991.6","338,366.7","227,802,388.8","227,383,157.36","0","6,779,832","6,779,850","0","0","0","0","0","-0.52","0.41","2","0","2","18"
"Trial 2 Frame Size 64 Rate 9400000.0 fps","2","64","9,400,000","18,800,000","339,060.8","337,523.97","227,848,891.2","226,816,901.93","0.28","6,781,216","6,762,557","18,685","0","18,685","0","0.28","-0.9","0.41","2","0","2","26"
"Trial 2 Frame Size 64 Rate 9700000.0 fps","2","64","9,700,000","19,400,000","338,826.75","338,774.27","227,691,643.2","227,657,108.87","0.01","6,776,535","6,776,124","435","0","0","0","0","-0.24","0.41","2","0","2","24"
"Trial 2 Frame Size 64 Rate 10000000.0 fps","2","64","10,000,000","20,000,000","338,168.6","338,451.21","227,249,366.4","227,439,950.57","0","6,763,372","6,763,390","0","0","0","0","0","-0.75","0.41","2","0","2","18"
"Trial 2 Frame Size 64 Rate 10300000.0 fps","2","64","10,300,000","20,600,000","338,380.85","338,057.89","227,391,964.8","227,175,308.32","0","6,767,617","6,767,637","0","0","0","0","0","-0.55","0.41","2","0","2","20"
"Trial 2 Frame Size 64 Rate 10600000.0 fps","2","64","10,600,000","21,200,000","338,001.7","338,341.45","227,137,209.6","227,366,253.55","0","6,760,034","6,760,058","0","0","0","0","0","-2.94","0.41","2","0","2","24"
"Trial 2 Frame Size 64 Rate 10900000.0 fps","2","64","10,900,000","21,800,000","339,035.25","338,539.53","227,831,755.2","227,499,360.13","0.1","6,780,705","6,774,072","6,657","0","5,938","0","0.09","-0.71","0.41","2","0","2","24"
"Trial 2 Frame Size 64 Rate 11200000.0 fps","2","64","11,200,000","22,400,000","338,433.95","338,576.11","227,427,681.6","227,523,879.28","0.12","6,768,679","6,760,548","8,149","0","8,090","0","0.12","-1.29","0.41","2","0","2","18"
"Trial 2 Frame Size 64 Rate 11500000.0 fps","2","64","11,500,000","23,000,000","338,545.5","337,992.99","227,502,643.2","227,131,968.49","0.01","6,770,910","6,770,547","389","0","0","0","0","-0.87","0.41","2","0","2","26"
"Trial 2 Frame Size 64 Rate 11800000.0 fps","2","64","11,800,000","23,600,000","338,162.4","337,718.04","227,245,200","226,946,887.98","0","6,763,248","6,763,274","0","0","0","0","0","-0.88","0.41","2","0","2","26"
"Trial 2 Frame Size 64 Rate 12100000.0 fps","2","64","12,100,000","24,200,000","338,848.95","338,361.97","227,706,561.6","227,380,013.72","0.01","6,776,979","6,776,567","433","0","0","0","0","-1.41","0.41","2","0","2","21"
"Trial 2 Frame Size 64 Rate 12400000.0 fps","2","64","12,400,000","24,800,000","338,739.5","339,004.03","227,633,011.2","227,811,506.31","0.05","6,774,790","6,771,350","3,464","0","3,363","0","0.05","-0.48","0.41","2","0","2","24"
"Trial 2 Frame Size 64 Rate 12700000.0 fps","2","64","12,700,000","25,400,000","338,138.95","337,886.66","227,229,441.6","227,060,155.62","0.01","6,762,779","6,762,403","405","0","0","0","0","-0.8","0.41","2","0","2","29"
"Trial 2 Frame Size 64 Rate 13000000.0 fps","2","64","13,000,000","26,000,000","337,598.55","337,671.99","226,866,292.8","226,916,313.18","0","6,751,971","6,751,976","13","0","0","0","0","-1.06","0.41","2","0","2","18"
"Trial 2 Frame Size 64 Rate 13300000.0 fps","2","64","13,300,000","26,600,000","339,320.05","338,806.97","228,023,140.8","227,679,082.34","0.16","6,786,401","6,775,655","10,770","0","10,334","0","0.15","-0.65","0.41","2","0","2","24"
"Trial 2 Frame Size 64 Rate 13600000.0 fps","2","64","13,600,000","27,200,000","336,981.15","337,826.82","226,451,400","227,020,505.69","0","6,739,623","6,739,652","0","0","0","0","0","-2.95","0.41","2","0","2","29"
"Trial 2 Frame Size 64 Rate 13900000.0 fps","2","64","13,900,000","27,800,000","337,340.25","337,600.02","226,692,715.2","226,867,934.19","0.01","6,746,805","6,746,426","399","0","0","0","0","-0.47","0.41","2","0","2","20"
"Trial 2 Frame Size 64 Rate 14200000.0 fps","2","64","14,200,000","28,400,000","338,670.1","337,948.56","227,586,374.4","227,102,167.2","0","6,773,402","6,773,420","0","0","0","0","0","-1.03","0.41","2","0","2","18"
"Trial 2 Frame Size 64 Rate 14500000.0 fps","2","64","14,500,000","29,000,000","338,983.35","338,410.94","227,796,878.4","227,412,946.48","0.01","6,779,667","6,779,239","452","0","0","0","0","-0.38","0.41","2","0","2","24"
"Trial 2 Frame Size 64 Rate 14800000.0 fps","2","64","14,800,000","29,600,000","338,512.05","339,204.26","227,480,164.8","227,945,998.48","0.01","6,770,241","6,769,917","342","0","0","0","0","-2.32","0.41","2","0","2","18"
"Trial 2 Frame Size 64 Rate 14880952.0 fps","2","64","14,880,952","29,761,904","338,779.3","338,213.43","227,659,723.2","227,280,225.6","0.25","6,775,586","6,758,435","17,175","0","17,175","0","0.25","-0.82","0.41","2","0","2","24"
"Trial 2 Frame Size 128 Rate 100000.0 fps","2","128","100,000","200,000","200,509.4","199,985.18","237,403,196.8","236,783,307.31","0","4,010,188","4,010,214","0","0","0","0","0","-0.31","0.26","2","0","2","26"
"Trial 2 Frame Size 128 Rate 400000.0 fps","2","128","400,000","800,000","339,712.15","340,131.32","402,219,252.8","402,716,214.5","0","6,794,243","6,794,261","0","0","0","0","0","-1.51","0.41","2","0","2","18"
"Trial 2 Frame Size 128 Rate 700000.0 fps","2","128","700,000","1,400,000","339,235.55","340,109.39","401,654,924.8","402,690,256.06","0","6,784,711","6,784,729","0","0","0","0","0","-0.8","0.41","2","0","2","18"
"Trial 2 Frame Size 128 Rate 1000000.0 fps","2","128","1,000,000","2,000,000","340,098.75","340,004.31","402,676,987.2","402,565,936.01","0","6,801,975","6,802,002","0","0","0","0","0","-1.47","0.41","2","0","2","27"
"Trial 2 Frame Size 128 Rate 1300000.0 fps","2","128","1,300,000","2,600,000","340,262.5","340,186.63","402,870,867.2","402,781,365.29","0.14","6,805,250","6,795,675","9,604","0","9,532","0","0.14","-0.9","0.41","2","0","2","29"
"Trial 2 Frame Size 128 Rate 1600000.0 fps","2","128","1,600,000","3,200,000","339,762.7","339,115.84","402,279,070.4","401,513,953.24","0.31","6,795,254","6,774,068","21,210","0","20,778","0","0.31","-0.55","0.41","2","0","2","24"
"Trial 2 Frame Size 128 Rate 1900000.0 fps","2","128","1,900,000","3,800,000","341,718.35","339,815.57","404,594,593.6","402,342,075.7","0.36","6,834,367","6,809,583","24,807","0","24,349","0","0.36","-1.07","0.41","2","0","2","23"
"Trial 2 Frame Size 128 Rate 2200000.0 fps","2","128","2,200,000","4,400,000","338,672.5","339,861.97","400,988,307.2","402,397,402.58","0","6,773,450","6,773,477","0","0","0","0","0","-0.85","0.41","2","0","2","27"
"Trial 2 Frame Size 128 Rate 2500000.0 fps","2","128","2,500,000","5,000,000","339,011.55","339,409.5","401,389,708.8","401,861,645.4","0.01","6,780,231","6,779,899","356","0","0","0","0","-1.27","0.41","2","0","2","24"
"Trial 2 Frame Size 128 Rate 2800000.0 fps","2","128","2,800,000","5,600,000","340,952.25","339,575.36","403,687,531.2","402,057,963.88","0.29","6,819,045","6,799,259","19,804","0","19,389","0","0.28","-0.52","0.41","2","0","2","18"
"Trial 2 Frame Size 128 Rate 3100000.0 fps","2","128","3,100,000","6,200,000","340,616.3","340,078.34","403,290,121.6","402,653,486.61","0.12","6,812,326","6,804,338","8,006","0","8,006","0","0.12","-1.38","0.41","2","0","2","18"
"Trial 2 Frame Size 128 Rate 3400000.0 fps","2","128","3,400,000","6,800,000","339,415.65","340,002.57","401,868,196.8","402,563,664.38","0.01","6,788,313","6,787,891","442","0","0","0","0","-1.41","0.41","2","0","2","20"
"Trial 2 Frame Size 128 Rate 3700000.0 fps","2","128","3,700,000","7,400,000","338,869.35","339,603.5","401,221,344","402,091,308.35","0","6,777,387","6,777,408","0","0","0","0","0","-0.58","0.41","2","0","2","21"
"Trial 2 Frame Size 128 Rate 4000000.0 fps","2","128","4,000,000","8,000,000","339,572.95","339,567.19","402,054,440","402,048,385.26","0.12","6,791,459","6,783,305","8,181","0","7,731","0","0.11","-2.3","0.41","2","0","2","27"
"Trial 2 Frame Size 128 Rate 4300000.0 fps","2","128","4,300,000","8,600,000","339,318.9","339,554.79","401,753,644.8","402,033,636.44","0.01","6,786,378","6,785,988","411","0","0","0","0","-0.81","0.41","2","0","2","21"
"Trial 2 Frame Size 128 Rate 4600000.0 fps","2","128","4,600,000","9,200,000","339,804.95","339,667.15","402,329,128","402,166,673.19","0","6,796,099","6,796,124","0","0","0","0","0","-0.8","0.41","2","0","2","25"
"Trial 2 Frame Size 128 Rate 4900000.0 fps","2","128","4,900,000","9,800,000","339,568.65","339,740.36","402,049,315.2","402,253,317.61","0","6,791,373","6,791,391","0","0","0","0","0","-0.94","0.41","2","0","2","18"
"Trial 2 Frame Size 128 Rate 5200000.0 fps","2","128","5,200,000","10,400,000","339,208.3","338,720.63","401,622,694.4","401,046,074.73","0","6,784,166","6,784,113","82","0","0","0","0","-0.45","0.41","2","0","2","29"
"Trial 2 Frame Size 128 Rate 5500000.0 fps","2","128","5,500,000","11,000,000","339,315.9","338,888.1","401,750,059.2","401,244,249.81","0","6,786,318","6,786,336","0","0","0","0","0","-0.63","0.41","2","0","2","18"
"Trial 2 Frame Size 128 Rate 5800000.0 fps","2","128","5,800,000","11,600,000","340,308.9","339,903.45","402,925,804.8","402,446,528.36","0.02","6,806,178","6,805,067","1,137","0","0","0","0","-0.64","0.41","2","0","2","26"
"Trial 2 Frame Size 128 Rate 6100000.0 fps","2","128","6,100,000","12,200,000","340,167.4","339,674.79","402,758,268.8","402,175,784.52","0.32","6,803,348","6,781,528","21,847","0","21,847","0","0.32","-1.56","0.41","2","0","2","27"
"Trial 2 Frame Size 128 Rate 6400000.0 fps","2","128","6,400,000","12,800,000","339,901.35","339,644.55","402,443,265.6","402,139,977.71","0","6,798,027","6,798,003","51","0","0","0","0","-1.11","0.41","2","0","2","27"
"Trial 2 Frame Size 128 Rate 6700000.0 fps","2","128","6,700,000","13,400,000","339,620.3","339,757.36","402,110,502.4","402,273,544.14","0.01","6,792,406","6,791,572","861","0","0","0","0","-1.31","0.41","2","0","2","27"
"Trial 2 Frame Size 128 Rate 7000000.0 fps","2","128","7,000,000","14,000,000","340,447.8","340,163.99","403,090,262.4","402,754,992.35","0","6,808,956","6,808,983","0","0","0","0","0","-1.13","0.41","2","0","2","27"
"Trial 2 Frame Size 128 Rate 7300000.0 fps","2","128","7,300,000","14,600,000","338,812.9","338,938.11","401,154,540.8","401,303,037.84","0.06","6,776,258","6,772,019","4,264","0","3,832","0","0.06","-0.57","0.41","2","0","2","25"
"Trial 2 Frame Size 128 Rate 7600000.0 fps","2","128","7,600,000","15,200,000","340,193.4","340,186.99","402,789,052.8","402,782,198.61","0.01","6,803,868","6,803,454","438","0","0","0","0","-1.19","0.41","2","0","2","24"
"Trial 2 Frame Size 128 Rate 7900000.0 fps","2","128","7,900,000","15,800,000","340,142.25","339,902.19","402,728,491.2","402,444,600.5","0.01","6,802,845","6,802,373","492","0","0","0","0","-1.58","0.41","2","0","2","20"
"Trial 2 Frame Size 128 Rate 8200000.0 fps","2","128","8,200,000","16,400,000","338,470.7","338,704.78","400,749,376","401,027,225.59","0","6,769,414","6,769,435","0","0","0","0","0","-1.7","0.41","2","0","2","21"
"Trial 2 Frame Size 128 Rate 8445945.0 fps","2","128","8,445,945","16,891,890","341,237.45","340,012.7","404,025,208","402,575,658.88","0.24","6,824,749","6,808,626","16,143","0","16,143","0","0.24","-1.97","0.41","2","0","2","20"
"Trial 2 Frame Size 256 Rate 100000.0 fps","2","256","100,000","200,000","199,679.35","199,972.42","440,892,072","441,539,878.11","0.01","3,993,587","3,993,359","249","0","0","0","0","-0.64","0.27","2","0","2","21"
"Trial 2 Frame Size 256 Rate 400000.0 fps","2","256","400,000","800,000","336,166","335,494.43","742,254,561.6","740,772,440.67","0.27","6,723,320","6,705,408","17,930","0","17,626","0","0.26","-0.87","0.42","2","0","2","18"
"Trial 2 Frame Size 256 Rate 700000.0 fps","2","256","700,000","1,400,000","336,317.6","336,205.58","742,589,328","742,342,747.71","0","6,726,352","6,726,182","197","0","0","0","0","-1.12","0.42","2","0","2","27"
"Trial 2 Frame Size 256 Rate 1000000.0 fps","2","256","1,000,000","2,000,000","336,357","336,008.1","742,676,323.2","741,906,655.23","0.02","6,727,140","6,725,658","1,503","0","0","0","0","-0.68","0.42","2","0","2","21"
"Trial 2 Frame Size 256 Rate 1300000.0 fps","2","256","1,300,000","2,600,000","336,304.45","335,830.88","742,560,259.2","741,515,383.42","0.01","6,726,089","6,725,538","575","0","0","0","0","-1.44","0.42","2","0","2","24"
"Trial 2 Frame Size 256 Rate 1600000.0 fps","2","256","1,600,000","3,200,000","335,787.35","336,011.2","741,418,536","741,913,498.7","0","6,715,747","6,715,710","58","0","0","0","0","-1.68","0.42","2","0","2","21"
"Trial 2 Frame Size 256 Rate 1900000.0 fps","2","256","1,900,000","3,800,000","336,825.1","336,071.04","743,709,854.4","742,045,622.01","0.02","6,736,502","6,735,392","1,131","0","0","0","0","-2.81","0.42","2","0","2","21"
"Trial 2 Frame Size 256 Rate 2200000.0 fps","2","256","2,200,000","4,400,000","336,877.55","336,575.09","743,825,697.6","743,158,562.28","0.01","6,737,551","6,737,051","521","0","0","0","0","-0.85","0.42","2","0","2","21"
"Trial 2 Frame Size 256 Rate 2500000.0 fps","2","256","2,500,000","5,000,000","335,348.3","335,873.78","740,449,080","741,610,070.34","0.01","6,706,966","6,706,288","699","0","0","0","0","-1.31","0.42","2","0","2","21"
"Trial 2 Frame Size 256 Rate 2800000.0 fps","2","256","2,800,000","5,600,000","337,847.55","336,615.43","745,967,457.6","743,247,453.6","0.02","6,756,951","6,755,800","1,177","0","0","0","0","-2.35","0.42","2","0","2","26"
"Trial 2 Frame Size 256 Rate 3100000.0 fps","2","256","3,100,000","6,200,000","336,514.05","336,100.39","743,023,089.6","742,110,138.8","0.12","6,730,281","6,722,347","7,960","0","7,914","0","0.12","-1.12","0.42","2","0","2","26"
"Trial 2 Frame Size 256 Rate 3400000.0 fps","2","256","3,400,000","6,800,000","336,529.55","336,312.25","743,057,280","742,578,189.36","0.01","6,730,591","6,729,839","770","0","0","0","0","-0.86","0.42","2","0","2","18"
"Trial 2 Frame Size 256 Rate 3700000.0 fps","2","256","3,700,000","7,400,000","336,938.55","335,755.77","743,960,385.6","741,349,568.86","0.37","6,738,771","6,713,664","25,135","0","24,958","0","0.37","-0.8","0.42","2","0","2","28"
"Trial 2 Frame Size 256 Rate 4000000.0 fps","2","256","4,000,000","8,000,000","337,860.1","336,317.55","745,995,134.4","742,589,918.31","0.52","6,757,202","6,721,849","35,374","0","33,905","0","0.5","-0.55","0.42","2","0","2","21"
"Trial 2 Frame Size 256 Rate 4300000.0 fps","2","256","4,300,000","8,600,000","337,337.45","336,173.57","744,841,156.8","742,271,980.23","0.01","6,746,749","6,746,198","569","0","0","0","0","-1.3","0.42","2","0","2","18"
"Trial 2 Frame Size 256 Rate 4528985.0 fps","2","256","4,528,985","9,057,970","336,077.3","335,337.09","742,058,712","740,425,019.57","0.25","6,721,546","6,704,531","17,033","0","17,033","0","0.25","-1.46","0.42","2","0","2","18"
"Trial 2 Frame Size ssu-64-4096bytes (copy) Rate 100000.0 fps","2","ssu-64-4096bytes (copy)","100,000","200,000","199,506.25","133,332.29","2,818,348,783.2","621,002,369.75","33.32","3,990,125","2,660,444","1,329,696","0","1,329,695","0","33.32","-0.61","0.35","2","0","2","15"
"Trial 2 Frame Size ssu-64-4096bytes (copy) Rate 400000.0 fps","2","ssu-64-4096bytes (copy)","400,000","800,000","455,913.85","303,729.59","6,441,009,756","1,414,400,933.18","33.34","9,118,277","6,078,571","3,039,715","0","3,039,149","0","33.33","-1.07","0.22","2","0","2","9"
"Trial 2 Frame Size ssu-64-4096bytes (copy) Rate 700000.0 fps","2","ssu-64-4096bytes (copy)","700,000","1,400,000","455,306.9","303,423.78","6,432,445,723.2","1,412,875,403.12","33.34","9,106,138","6,070,516","3,035,639","0","3,035,182","0","33.33","-1.44","0.22","2","0","2","17"
"Trial 2 Frame Size ssu-64-4096bytes (copy) Rate 706705.0 fps","2","ssu-64-4096bytes (copy)","706,705","1,413,410","455,080.5","303,579.74","6,429,038,836.8","1,413,587,986.57","33.34","9,101,610","6,067,528","3,034,092","0","3,033,532","0","33.33","-0.23","0.22","2","0","2","10"